url,path,source,kind,live_status,live_location,expected_status,expected_location,content_type,notes
https://toromovers.com,/,sitemap,page,200,,,,text/html,
https://toromovers.com/orlando-movers-gallery,/orlando-movers-gallery,sitemap,page,200,,,,text/html,
https://toromovers.com/blog,/blog,sitemap,page,200,,,,text/html,
https://toromovers.com/quotes,/quotes,sitemap,page,200,,,,text/html,
https://toromovers.com/contact,/contact,sitemap,page,200,,,,text/html,
https://toromovers.com/services,/services,sitemap,page,200,,,,text/html,
https://toromovers.com/labor-only-moving,/labor-only-moving,sitemap,page,200,,,,text/html,
https://toromovers.com/apartment-movers-orlando-fl,/apartment-movers-orlando-fl,sitemap,page,200,,,,text/html,
https://toromovers.com/full-service-moving,/full-service-moving,sitemap,page,200,,,,text/html,
https://toromovers.com/loading-unloading,/loading-unloading,sitemap,page,200,,,,text/html,
https://toromovers.com/packing-services-orlando,/packing-services-orlando,sitemap,page,200,,,,text/html,
https://toromovers.com/office-movers-orlando,/office-movers-orlando,sitemap,page,200,,,,text/html,
https://toromovers.com/same-day-movers-orlando,/same-day-movers-orlando,sitemap,page,200,,,,text/html,
https://toromovers.com/small-moves-orlando,/small-moves-orlando,sitemap,page,200,,,,text/html,
https://toromovers.com/pod-loading-orlando,/pod-loading-orlando,sitemap,page,200,,,,text/html,
https://toromovers.com/about,/about,sitemap,page,200,,,,text/html,
https://toromovers.com/careers/ops-coordinator,/careers/ops-coordinator,sitemap,page,200,,,,text/html,
https://toromovers.com/privacy,/privacy,sitemap,page,200,,,,text/html,
https://toromovers.com/cookies,/cookies,sitemap,page,200,,,,text/html,
https://toromovers.com/terms,/terms,sitemap,page,200,,,,text/html,
https://toromovers.com/blog/orlando-hoa-coi-movers,/blog/orlando-hoa-coi-movers,sitemap,page,200,,,,text/html,
https://toromovers.com/blog/orlando-furniture-only-movers,/blog/orlando-furniture-only-movers,sitemap,page,200,,,,text/html,
https://toromovers.com/blog/orlando-packing-help-movers,/blog/orlando-packing-help-movers,sitemap,page,200,,,,text/html,
https://toromovers.com/blog/orlando-movers-cost-by-home-size,/blog/orlando-movers-cost-by-home-size,sitemap,page,200,,,,text/html,
https://toromovers.com/blog/orlando-weekend-movers,/blog/orlando-weekend-movers,sitemap,page,200,,,,text/html,
https://toromovers.com/blog/orlando-same-day-movers,/blog/orlando-same-day-movers,sitemap,page,200,,,,text/html,
https://toromovers.com/blog/how-much-to-tip-movers-orlando,/blog/how-much-to-tip-movers-orlando,sitemap,page,200,,,,text/html,
https://toromovers.com/blog/choose-family-owned-bilingual-movers-orlando,/blog/choose-family-owned-bilingual-movers-orlando,sitemap,page,200,,,,text/html,
https://toromovers.com/blog/orlando-office-small-commercial-movers,/blog/orlando-office-small-commercial-movers,sitemap,page,200,,,,text/html,
https://toromovers.com/blog/central-florida-townhome-condo-movers,/blog/central-florida-townhome-condo-movers,sitemap,page,200,,,,text/html,
https://toromovers.com/blog/orlando-local-vs-long-distance-movers,/blog/orlando-local-vs-long-distance-movers,sitemap,page,200,,,,text/html,
https://toromovers.com/blog/orlando-apartment-high-rise-movers,/blog/orlando-apartment-high-rise-movers,sitemap,page,200,,,,text/html,
https://toromovers.com/blog/orlando-pod-uhaul-storage-loading,/blog/orlando-pod-uhaul-storage-loading,sitemap,page,200,,,,text/html,
https://toromovers.com/blog/uhaul-pod-loading-help-orlando,/blog/uhaul-pod-loading-help-orlando,sitemap,page,200,,,,text/html,
https://toromovers.com/blog/full-service-vs-labor-only-orlando,/blog/full-service-vs-labor-only-orlando,sitemap,page,200,,,,text/html,
https://toromovers.com/blog/how-much-does-a-local-move-cost-orlando,/blog/how-much-does-a-local-move-cost-orlando,sitemap,page,200,,,,text/html,
https://toromovers.com/blog/plan-orlando-move-before-first-box,/blog/plan-orlando-move-before-first-box,sitemap,page,200,,,,text/html,
https://toromovers.com/blog/careful-furniture-handling-orlando-movers,/blog/careful-furniture-handling-orlando-movers,sitemap,page,200,,,,text/html,
https://toromovers.com/blog/central-florida-movers-building-access,/blog/central-florida-movers-building-access,sitemap,page,200,,,,text/html,
https://toromovers.com/orlando-movers,/orlando-movers,sitemap,page,200,,,,text/html,
https://toromovers.com/lake-mary-movers,/lake-mary-movers,sitemap,page,200,,,,text/html,
https://toromovers.com/winter-park-movers,/winter-park-movers,sitemap,page,200,,,,text/html,
https://toromovers.com/maitland-movers,/maitland-movers,sitemap,page,200,,,,text/html,
https://toromovers.com/fern-park-movers,/fern-park-movers,sitemap,page,200,,,,text/html,
https://toromovers.com/kissimmee-movers,/kissimmee-movers,sitemap,page,200,,,,text/html,
https://toromovers.com/sanford-movers,/sanford-movers,sitemap,page,200,,,,text/html,
https://toromovers.com/clermont-movers,/clermont-movers,sitemap,page,200,,,,text/html,
https://toromovers.com/davenport-movers,/davenport-movers,sitemap,page,200,,,,text/html,
https://toromovers.com/lakeland-movers,/lakeland-movers,sitemap,page,200,,,,text/html,
https://toromovers.com/winter-haven-movers,/winter-haven-movers,sitemap,page,200,,,,text/html,
https://toromovers.com/oviedo-movers,/oviedo-movers,sitemap,page,200,,,,text/html,
https://toromovers.com/winter-garden-movers,/winter-garden-movers,sitemap,page,200,,,,text/html,
https://toromovers.com/altamonte-springs-movers,/altamonte-springs-movers,sitemap,page,200,,,,text/html,
https://toromovers.com/apopka-movers,/apopka-movers,sitemap,page,200,,,,text/html,
https://toromovers.com/st-cloud-movers,/st-cloud-movers,sitemap,page,200,,,,text/html,
https://toromovers.com/windermere-movers,/windermere-movers,sitemap,page,200,,,,text/html,
https://toromovers.com/ocoee-movers,/ocoee-movers,sitemap,page,200,,,,text/html,
https://toromovers.com/longwood-movers,/longwood-movers,sitemap,page,200,,,,text/html,
https://toromovers.com/casselberry-movers,/casselberry-movers,sitemap,page,200,,,,text/html,
https://toromovers.com/celebration-movers,/celebration-movers,sitemap,page,200,,,,text/html,
https://toromovers.com/poinciana-movers,/poinciana-movers,sitemap,page,200,,,,text/html,
https://toromovers.com/minneola-movers,/minneola-movers,sitemap,page,200,,,,text/html,
https://toromovers.com/mount-dora-movers,/mount-dora-movers,sitemap,page,200,,,,text/html,
https://toromovers.com/leesburg-movers,/leesburg-movers,sitemap,page,200,,,,text/html,
https://toromovers.com/tavares-movers,/tavares-movers,sitemap,page,200,,,,text/html,
https://toromovers.com/lake-nona-movers,/lake-nona-movers,sitemap,page,200,,,,text/html,
https://toromovers.com/dr-phillips-movers,/dr-phillips-movers,sitemap,page,200,,,,text/html,
https://toromovers.com/winter-springs-movers,/winter-springs-movers,sitemap,page,200,,,,text/html,
https://toromovers.com/deltona-movers,/deltona-movers,sitemap,page,200,,,,text/html,
https://toromovers.com/horizon-west-movers,/horizon-west-movers,sitemap,page,200,,,,text/html,
https://toromovers.com/central-florida-movers,/central-florida-movers,sitemap,page,200,,,,text/html,
https://toromovers.com/,/,repo,page,200,,,,text/html,
https://toromovers.com/lp/local-movers,/lp/local-movers,repo,page,200,,,,text/html,
https://toromovers.com/move-day-checklist,/move-day-checklist,repo,page,200,,,,text/html,
https://toromovers.com/thank-you,/thank-you,repo,page,200,,,,text/html,
https://toromovers.com/pay,/pay,repo,page,200,,,,text/html,
https://toromovers.com/pay/thanks,/pay/thanks,repo,page,200,,,,text/html,
https://toromovers.com/tip,/tip,repo,page,307,/pay?type=tip,,,text/html,
https://toromovers.com/tip/thanks,/tip/thanks,repo,page,307,/pay,,,text/html,
https://toromovers.com/recent-moves,/recent-moves,repo,page,301,/orlando-movers-gallery,,,text/plain,
https://toromovers.com/robots.txt,/robots.txt,repo,page,200,,,,text/plain,
https://toromovers.com/sitemap.xml,/sitemap.xml,repo,page,200,,,,application/xml,
https://toromovers.com/llms.txt,/llms.txt,repo,page,200,,,,text/plain,
https://toromovers.com/manifest.webmanifest,/manifest.webmanifest,repo,page,200,,,,application/octet-stream,
https://toromovers.com/favicon.ico,/favicon.ico,repo,page,200,,,,image/vnd.microsoft.icon,
https://toromovers.com/favicon.svg,/favicon.svg,repo,page,200,,,,image/svg+xml,
https://toromovers.com/favicon-32.png,/favicon-32.png,repo,page,200,,,,image/png,
https://toromovers.com/apple-touch-icon.png,/apple-touch-icon.png,repo,page,200,,,,image/png,
https://toromovers.com/icon-192.png,/icon-192.png,repo,page,200,,,,image/png,
https://toromovers.com/icon-512.png,/icon-512.png,repo,page,200,,,,image/png,
https://toromovers.com/og/default.jpg,/og/default.jpg,repo,page,200,,,,image/jpeg,
http://toromovers.net/*,http://toromovers.net/*,netlify-host-redirect,host-redirect,301,https://toromovers.com/:splat,301,https://toromovers.com/:splat,,host alias; not fetched (would leave toromovers.com)
http://www.toromovers.net/*,http://www.toromovers.net/*,netlify-host-redirect,host-redirect,301,https://toromovers.com/:splat,301,https://toromovers.com/:splat,,host alias; not fetched (would leave toromovers.com)
https://www.toromovers.com/*,https://www.toromovers.com/*,netlify-host-redirect,host-redirect,301,https://toromovers.com/:splat,301,https://toromovers.com/:splat,,host alias; not fetched (would leave toromovers.com)
https://toromovers.net/*,https://toromovers.net/*,netlify-host-redirect,host-redirect,301,https://toromovers.com/:splat,301,https://toromovers.com/:splat,,host alias; not fetched (would leave toromovers.com)
https://www.toromovers.net/*,https://www.toromovers.net/*,netlify-host-redirect,host-redirect,301,https://toromovers.com/:splat,301,https://toromovers.com/:splat,,host alias; not fetched (would leave toromovers.com)
https://toromudanzas.com/*,https://toromudanzas.com/*,netlify-host-redirect,host-redirect,301,https://toromovers.com/?utm_source=toromudanzas&utm_medium=redirect,301,https://toromovers.com/?utm_source=toromudanzas&utm_medium=redirect,,host alias; not fetched (would leave toromovers.com)
https://www.toromudanzas.com/*,https://www.toromudanzas.com/*,netlify-host-redirect,host-redirect,301,https://toromovers.com/?utm_source=toromudanzas&utm_medium=redirect,301,https://toromovers.com/?utm_source=toromudanzas&utm_medium=redirect,,host alias; not fetched (would leave toromovers.com)
https://toromovers.com/_next/static/media/31a9145ccb84606d-s.p.10_fo~wllb4ek.woff2,/_next/static/media/31a9145ccb84606d-s.p.10_fo~wllb4ek.woff2,netlify-redirect,redirect,301,https://toromovers.com/,301,https://toromovers.com/,text/plain,
https://toromovers.com/_next/static/media/c31dbb76e36f1a9a-s.p.0~~5jj-nwn-w8.woff2,/_next/static/media/c31dbb76e36f1a9a-s.p.0~~5jj-nwn-w8.woff2,netlify-redirect,redirect,301,https://toromovers.com/,301,https://toromovers.com/,text/plain,
https://toromovers.com/free-quote,/free-quote,netlify-redirect,redirect,301,/quotes,301,/quotes,text/plain,
https://toromovers.com/free-quote/*,/free-quote/*,netlify-redirect,redirect,301,/quotes,301,/quotes,text/plain,
https://toromovers.com/get-a-quote,/get-a-quote,netlify-redirect,redirect,301,/quotes,301,/quotes,text/plain,
https://toromovers.com/get-a-quote/*,/get-a-quote/*,netlify-redirect,redirect,301,/quotes,301,/quotes,text/plain,
https://toromovers.com/get-quote,/get-quote,netlify-redirect,redirect,301,/quotes,301,/quotes,text/plain,
https://toromovers.com/get-quote/*,/get-quote/*,netlify-redirect,redirect,301,/quotes,301,/quotes,text/plain,
https://toromovers.com/quote,/quote,netlify-redirect,redirect,301,/quotes,301,/quotes,text/plain,
https://toromovers.com/quote/*,/quote/*,netlify-redirect,redirect,301,/quotes,301,/quotes,text/plain,
https://toromovers.com/get-my-price,/get-my-price,netlify-redirect,redirect,301,/quotes,301,/quotes,text/plain,
https://toromovers.com/get-my-price/*,/get-my-price/*,netlify-redirect,redirect,301,/quotes,301,/quotes,text/plain,
https://toromovers.com/job-size,/job-size,netlify-redirect,redirect,301,/move-day-checklist,301,/move-day-checklist,text/plain,
https://toromovers.com/job-size/*,/job-size/*,netlify-redirect,redirect,301,/move-day-checklist,301,/move-day-checklist,text/plain,
https://toromovers.com/your-move,/your-move,netlify-redirect,redirect,301,/move-day-checklist,301,/move-day-checklist,text/plain,
https://toromovers.com/your-move/*,/your-move/*,netlify-redirect,redirect,301,/move-day-checklist,301,/move-day-checklist,text/plain,
https://toromovers.com/movingday-checklist,/movingday-checklist,netlify-redirect,redirect,301,/move-day-checklist,301,/move-day-checklist,text/plain,
https://toromovers.com/movingday-checklist/*,/movingday-checklist/*,netlify-redirect,redirect,301,/move-day-checklist,301,/move-day-checklist,text/plain,
https://toromovers.com/move-details,/move-details,netlify-redirect,redirect,301,/move-day-checklist,301,/move-day-checklist,text/plain,
https://toromovers.com/move-details/*,/move-details/*,netlify-redirect,redirect,301,/move-day-checklist,301,/move-day-checklist,text/plain,
https://toromovers.com/checklist,/checklist,netlify-redirect,redirect,301,/move-day-checklist,301,/move-day-checklist,text/plain,
https://toromovers.com/bookings,/bookings,netlify-redirect,redirect,301,/pay,301,/pay,text/plain,
https://toromovers.com/book,/book,netlify-redirect,redirect,301,/pay,301,/pay,text/plain,
https://toromovers.com/book/*,/book/*,netlify-redirect,redirect,301,/pay,301,/pay,text/plain,
https://toromovers.com/residential-movers,/residential-movers,netlify-redirect,redirect,301,/full-service-moving,301,/full-service-moving,text/plain,
https://toromovers.com/commercial-movers,/commercial-movers,netlify-redirect,redirect,301,/services,301,/services,text/plain,
https://toromovers.com/apartment-movers,/apartment-movers,netlify-redirect,redirect,301,/apartment-movers-orlando-fl,301,/apartment-movers-orlando-fl,text/plain,
https://toromovers.com/packing-services,/packing-services,netlify-redirect,redirect,301,/services,301,/services,text/plain,
https://toromovers.com/apartment-moves,/apartment-moves,netlify-redirect,redirect,301,/apartment-movers-orlando-fl,301,/apartment-movers-orlando-fl,text/plain,
https://toromovers.com/home-moves,/home-moves,netlify-redirect,redirect,301,/full-service-moving,301,/full-service-moving,text/plain,
https://toromovers.com/commercial-moves,/commercial-moves,netlify-redirect,redirect,301,/services,301,/services,text/plain,
https://toromovers.com/loading-help,/loading-help,netlify-redirect,redirect,301,/loading-unloading,301,/loading-unloading,text/plain,
https://toromovers.com/service-areas,/service-areas,netlify-redirect,redirect,301,/central-florida-movers,301,/central-florida-movers,text/plain,
https://toromovers.com/blog/apartment-moving-checklist-orlando-renters,/blog/apartment-moving-checklist-orlando-renters,netlify-redirect,redirect,301,/blog,301,/blog,text/plain,
https://toromovers.com/blog/best-time-to-move-central-florida,/blog/best-time-to-move-central-florida,netlify-redirect,redirect,301,/blog,301,/blog,text/plain,
https://toromovers.com/blog/furniture-disassembly-protection-movers-orlando,/blog/furniture-disassembly-protection-movers-orlando,netlify-redirect,redirect,301,/blog,301,/blog,text/plain,
https://toromovers.com/blog/hidden-moving-fees-orlando,/blog/hidden-moving-fees-orlando,netlify-redirect,redirect,301,/blog,301,/blog,text/plain,
https://toromovers.com/blog/how-to-choose-a-moving-company-orlando,/blog/how-to-choose-a-moving-company-orlando,netlify-redirect,redirect,301,/blog,301,/blog,text/plain,
https://toromovers.com/blog/how-to-prepare-for-a-local-move-in-orlando,/blog/how-to-prepare-for-a-local-move-in-orlando,netlify-redirect,redirect,301,/blog,301,/blog,text/plain,
https://toromovers.com/blog/labor-only-moving-orlando,/blog/labor-only-moving-orlando,netlify-redirect,redirect,301,/blog,301,/blog,text/plain,
https://toromovers.com/blog/moving-into-storage-orlando,/blog/moving-into-storage-orlando,netlify-redirect,redirect,301,/blog,301,/blog,text/plain,
https://toromovers.com/blog/tipping-movers-orlando,/blog/tipping-movers-orlando,netlify-redirect,redirect,301,/blog/how-much-to-tip-movers-orlando,301,/blog/how-much-to-tip-movers-orlando,text/plain,
https://toromovers.com/blog/what-youre-paying-for-orlando-movers,/blog/what-youre-paying-for-orlando-movers,netlify-redirect,redirect,301,/blog,301,/blog,text/plain,
https://toromovers.com/central-florida-moving-checklist,/central-florida-moving-checklist,netlify-redirect,redirect,301,/move-day-checklist,301,/move-day-checklist,text/plain,
https://toromovers.com/index.html,/index.html,netlify-redirect,redirect,301,/,301,/,text/plain,
https://toromovers.com/home,/home,netlify-redirect,redirect,301,/,301,/,text/plain,
https://toromovers.com/clermont-moversClermont,/clermont-moversClermont,netlify-redirect,redirect,301,/clermont-movers,301,/clermont-movers,text/plain,
https://toromovers.com/kissimmee-moversKissimmee,/kissimmee-moversKissimmee,netlify-redirect,redirect,301,/kissimmee-movers,301,/kissimmee-movers,text/plain,
https://toromovers.com/orlando-movers-galleryGallery,/orlando-movers-galleryGallery,netlify-redirect,redirect,301,/orlando-movers-gallery,301,/orlando-movers-gallery,text/plain,
https://toromovers.com/blogBlog,/blogBlog,netlify-redirect,redirect,301,/blog,301,/blog,text/plain,
https://toromovers.com/aboutAbout,/aboutAbout,netlify-redirect,redirect,301,/about,301,/about,text/plain,
https://toromovers.com/opengraph-image,/opengraph-image,netlify-redirect,redirect,301,/og/default.jpg,301,/og/default.jpg,text/plain,
https://toromovers.com/pages/cities/st-cloud-movers.html,/pages/cities/st-cloud-movers.html,netlify-redirect,redirect,301,/st-cloud-movers,301,/st-cloud-movers,text/plain,
https://toromovers.com/ads/*,/ads/*,netlify-redirect,redirect,301,/lp/local-movers,301,/lp/local-movers,text/plain,
https://toromovers.com/es/ads/*,/es/ads/*,netlify-redirect,redirect,301,/lp/local-movers,301,/lp/local-movers,text/plain,
https://toromovers.com/es/*,/es/*,netlify-redirect,redirect,301,/,301,/,text/plain,
https://toromovers.com/movers-orlando-lp,/movers-orlando-lp,netlify-redirect,redirect,301,/lp/local-movers,301,/lp/local-movers,text/plain,
https://toromovers.com/lp,/lp,netlify-redirect,redirect,301,/lp/local-movers,301,/lp/local-movers,text/plain,
https://toromovers.com/funnel,/funnel,netlify-redirect,redirect,301,/quotes,301,/quotes,text/plain,
https://toromovers.com/moving,/moving,netlify-redirect,redirect,301,/services,301,/services,text/plain,
https://toromovers.com/mudanza,/mudanza,netlify-redirect,redirect,301,/,301,/,text/plain,
https://toromovers.com/intake,/intake,netlify-redirect,redirect,301,/quotes,301,/quotes,text/plain,
https://toromovers.com/intake/*,/intake/*,netlify-redirect,redirect,301,/quotes,301,/quotes,text/plain,
https://toromovers.com/thank-you-full-service,/thank-you-full-service,netlify-redirect,redirect,301,/thank-you,301,/thank-you,text/plain,
https://toromovers.com/thank-you-labor,/thank-you-labor,netlify-redirect,redirect,301,/thank-you,301,/thank-you,text/plain,
https://toromovers.com/thank-you-checklist,/thank-you-checklist,netlify-redirect,redirect,301,/thank-you,301,/thank-you,text/plain,
https://toromovers.com/movers-orlando,/movers-orlando,netlify-redirect,redirect,301,/orlando-movers,301,/orlando-movers,text/plain,
https://toromovers.com/movers-lake-mary,/movers-lake-mary,netlify-redirect,redirect,301,/lake-mary-movers,301,/lake-mary-movers,text/plain,
https://toromovers.com/movers-winter-park,/movers-winter-park,netlify-redirect,redirect,301,/winter-park-movers,301,/winter-park-movers,text/plain,
https://toromovers.com/*/,/*/,netlify-redirect,redirect,308,/*,308,/:splat,text/plain,
https://toromovers.com/this-page-does-not-exist-xyz,/this-page-does-not-exist-xyz,probe,not-found,404,,404,,text/html,
https://toromovers.com/api/lead,/api/lead,api,api,405,,405,,,
https://toromovers.com/api/pay/config,/api/pay/config,api,api,200,,200,,application/json,
https://toromovers.com/api/pay/quote,/api/pay/quote,api,api,200,,200,,application/json,
https://toromovers.com/api/pay/status,/api/pay/status,api,api,400,,400,,application/json,
https://toromovers.com/api/address-suggest?q=ab,/api/address-suggest?q=ab,api,api,200,,200,,application/json,
https://toromovers.com/api/tip/status,/api/tip/status,api,api,400,,400,,application/json,
https://toromovers.com/orlando-movers-gallery/,/orlando-movers-gallery/,trailing-slash,trailing-slash,308,/orlando-movers-gallery,308,,text/plain,
https://toromovers.com/blog/,/blog/,trailing-slash,trailing-slash,308,/blog,308,,text/plain,
https://toromovers.com/quotes/,/quotes/,trailing-slash,trailing-slash,308,/quotes,308,,text/plain,
https://toromovers.com/contact/,/contact/,trailing-slash,trailing-slash,308,/contact,308,,text/plain,
https://toromovers.com/services/,/services/,trailing-slash,trailing-slash,308,/services,308,,text/plain,
https://toromovers.com/labor-only-moving/,/labor-only-moving/,trailing-slash,trailing-slash,308,/labor-only-moving,308,,text/plain,
https://toromovers.com/apartment-movers-orlando-fl/,/apartment-movers-orlando-fl/,trailing-slash,trailing-slash,308,/apartment-movers-orlando-fl,308,,text/plain,
https://toromovers.com/full-service-moving/,/full-service-moving/,trailing-slash,trailing-slash,308,/full-service-moving,308,,text/plain,
https://toromovers.com/loading-unloading/,/loading-unloading/,trailing-slash,trailing-slash,308,/loading-unloading,308,,text/plain,
https://toromovers.com/packing-services-orlando/,/packing-services-orlando/,trailing-slash,trailing-slash,308,/packing-services-orlando,308,,text/plain,
https://toromovers.com/office-movers-orlando/,/office-movers-orlando/,trailing-slash,trailing-slash,308,/office-movers-orlando,308,,text/plain,
https://toromovers.com/same-day-movers-orlando/,/same-day-movers-orlando/,trailing-slash,trailing-slash,308,/same-day-movers-orlando,308,,text/plain,
https://toromovers.com/small-moves-orlando/,/small-moves-orlando/,trailing-slash,trailing-slash,308,/small-moves-orlando,308,,text/plain,
https://toromovers.com/pod-loading-orlando/,/pod-loading-orlando/,trailing-slash,trailing-slash,308,/pod-loading-orlando,308,,text/plain,
https://toromovers.com/about/,/about/,trailing-slash,trailing-slash,308,/about,308,,text/plain,
https://toromovers.com/careers/ops-coordinator/,/careers/ops-coordinator/,trailing-slash,trailing-slash,308,/careers/ops-coordinator,308,,text/plain,
https://toromovers.com/privacy/,/privacy/,trailing-slash,trailing-slash,308,/privacy,308,,text/plain,
https://toromovers.com/cookies/,/cookies/,trailing-slash,trailing-slash,308,/cookies,308,,text/plain,
https://toromovers.com/terms/,/terms/,trailing-slash,trailing-slash,308,/terms,308,,text/plain,
https://toromovers.com/blog/orlando-hoa-coi-movers/,/blog/orlando-hoa-coi-movers/,trailing-slash,trailing-slash,308,/blog/orlando-hoa-coi-movers,308,,text/plain,
https://toromovers.com/blog/orlando-furniture-only-movers/,/blog/orlando-furniture-only-movers/,trailing-slash,trailing-slash,308,/blog/orlando-furniture-only-movers,308,,text/plain,
https://toromovers.com/blog/orlando-packing-help-movers/,/blog/orlando-packing-help-movers/,trailing-slash,trailing-slash,308,/blog/orlando-packing-help-movers,308,,text/plain,
https://toromovers.com/blog/orlando-movers-cost-by-home-size/,/blog/orlando-movers-cost-by-home-size/,trailing-slash,trailing-slash,308,/blog/orlando-movers-cost-by-home-size,308,,text/plain,
https://toromovers.com/blog/orlando-weekend-movers/,/blog/orlando-weekend-movers/,trailing-slash,trailing-slash,308,/blog/orlando-weekend-movers,308,,text/plain,
https://toromovers.com/blog/orlando-same-day-movers/,/blog/orlando-same-day-movers/,trailing-slash,trailing-slash,308,/blog/orlando-same-day-movers,308,,text/plain,
https://toromovers.com/blog/how-much-to-tip-movers-orlando/,/blog/how-much-to-tip-movers-orlando/,trailing-slash,trailing-slash,308,/blog/how-much-to-tip-movers-orlando,308,,text/plain,
https://toromovers.com/blog/choose-family-owned-bilingual-movers-orlando/,/blog/choose-family-owned-bilingual-movers-orlando/,trailing-slash,trailing-slash,308,/blog/choose-family-owned-bilingual-movers-orlando,308,,text/plain,
https://toromovers.com/blog/orlando-office-small-commercial-movers/,/blog/orlando-office-small-commercial-movers/,trailing-slash,trailing-slash,308,/blog/orlando-office-small-commercial-movers,308,,text/plain,
https://toromovers.com/blog/central-florida-townhome-condo-movers/,/blog/central-florida-townhome-condo-movers/,trailing-slash,trailing-slash,308,/blog/central-florida-townhome-condo-movers,308,,text/plain,
https://toromovers.com/blog/orlando-local-vs-long-distance-movers/,/blog/orlando-local-vs-long-distance-movers/,trailing-slash,trailing-slash,308,/blog/orlando-local-vs-long-distance-movers,308,,text/plain,
https://toromovers.com/blog/orlando-apartment-high-rise-movers/,/blog/orlando-apartment-high-rise-movers/,trailing-slash,trailing-slash,308,/blog/orlando-apartment-high-rise-movers,308,,text/plain,
https://toromovers.com/blog/orlando-pod-uhaul-storage-loading/,/blog/orlando-pod-uhaul-storage-loading/,trailing-slash,trailing-slash,308,/blog/orlando-pod-uhaul-storage-loading,308,,text/plain,
https://toromovers.com/blog/uhaul-pod-loading-help-orlando/,/blog/uhaul-pod-loading-help-orlando/,trailing-slash,trailing-slash,308,/blog/uhaul-pod-loading-help-orlando,308,,text/plain,
https://toromovers.com/blog/full-service-vs-labor-only-orlando/,/blog/full-service-vs-labor-only-orlando/,trailing-slash,trailing-slash,308,/blog/full-service-vs-labor-only-orlando,308,,text/plain,
https://toromovers.com/blog/how-much-does-a-local-move-cost-orlando/,/blog/how-much-does-a-local-move-cost-orlando/,trailing-slash,trailing-slash,308,/blog/how-much-does-a-local-move-cost-orlando,308,,text/plain,
https://toromovers.com/blog/plan-orlando-move-before-first-box/,/blog/plan-orlando-move-before-first-box/,trailing-slash,trailing-slash,308,/blog/plan-orlando-move-before-first-box,308,,text/plain,
https://toromovers.com/blog/careful-furniture-handling-orlando-movers/,/blog/careful-furniture-handling-orlando-movers/,trailing-slash,trailing-slash,308,/blog/careful-furniture-handling-orlando-movers,308,,text/plain,
https://toromovers.com/blog/central-florida-movers-building-access/,/blog/central-florida-movers-building-access/,trailing-slash,trailing-slash,308,/blog/central-florida-movers-building-access,308,,text/plain,
https://toromovers.com/orlando-movers/,/orlando-movers/,trailing-slash,trailing-slash,308,/orlando-movers,308,,text/plain,
https://toromovers.com/lake-mary-movers/,/lake-mary-movers/,trailing-slash,trailing-slash,308,/lake-mary-movers,308,,text/plain,
https://toromovers.com/winter-park-movers/,/winter-park-movers/,trailing-slash,trailing-slash,308,/winter-park-movers,308,,text/plain,
https://toromovers.com/maitland-movers/,/maitland-movers/,trailing-slash,trailing-slash,308,/maitland-movers,308,,text/plain,
https://toromovers.com/fern-park-movers/,/fern-park-movers/,trailing-slash,trailing-slash,308,/fern-park-movers,308,,text/plain,
https://toromovers.com/kissimmee-movers/,/kissimmee-movers/,trailing-slash,trailing-slash,308,/kissimmee-movers,308,,text/plain,
https://toromovers.com/sanford-movers/,/sanford-movers/,trailing-slash,trailing-slash,308,/sanford-movers,308,,text/plain,
https://toromovers.com/clermont-movers/,/clermont-movers/,trailing-slash,trailing-slash,308,/clermont-movers,308,,text/plain,
https://toromovers.com/davenport-movers/,/davenport-movers/,trailing-slash,trailing-slash,308,/davenport-movers,308,,text/plain,
https://toromovers.com/lakeland-movers/,/lakeland-movers/,trailing-slash,trailing-slash,308,/lakeland-movers,308,,text/plain,
https://toromovers.com/winter-haven-movers/,/winter-haven-movers/,trailing-slash,trailing-slash,308,/winter-haven-movers,308,,text/plain,
https://toromovers.com/oviedo-movers/,/oviedo-movers/,trailing-slash,trailing-slash,308,/oviedo-movers,308,,text/plain,
https://toromovers.com/winter-garden-movers/,/winter-garden-movers/,trailing-slash,trailing-slash,308,/winter-garden-movers,308,,text/plain,
https://toromovers.com/altamonte-springs-movers/,/altamonte-springs-movers/,trailing-slash,trailing-slash,308,/altamonte-springs-movers,308,,text/plain,
https://toromovers.com/apopka-movers/,/apopka-movers/,trailing-slash,trailing-slash,308,/apopka-movers,308,,text/plain,
https://toromovers.com/st-cloud-movers/,/st-cloud-movers/,trailing-slash,trailing-slash,308,/st-cloud-movers,308,,text/plain,
https://toromovers.com/windermere-movers/,/windermere-movers/,trailing-slash,trailing-slash,308,/windermere-movers,308,,text/plain,
https://toromovers.com/ocoee-movers/,/ocoee-movers/,trailing-slash,trailing-slash,308,/ocoee-movers,308,,text/plain,
https://toromovers.com/longwood-movers/,/longwood-movers/,trailing-slash,trailing-slash,308,/longwood-movers,308,,text/plain,
https://toromovers.com/casselberry-movers/,/casselberry-movers/,trailing-slash,trailing-slash,308,/casselberry-movers,308,,text/plain,
https://toromovers.com/celebration-movers/,/celebration-movers/,trailing-slash,trailing-slash,308,/celebration-movers,308,,text/plain,
https://toromovers.com/poinciana-movers/,/poinciana-movers/,trailing-slash,trailing-slash,308,/poinciana-movers,308,,text/plain,
https://toromovers.com/minneola-movers/,/minneola-movers/,trailing-slash,trailing-slash,308,/minneola-movers,308,,text/plain,
https://toromovers.com/mount-dora-movers/,/mount-dora-movers/,trailing-slash,trailing-slash,308,/mount-dora-movers,308,,text/plain,
https://toromovers.com/leesburg-movers/,/leesburg-movers/,trailing-slash,trailing-slash,308,/leesburg-movers,308,,text/plain,
https://toromovers.com/tavares-movers/,/tavares-movers/,trailing-slash,trailing-slash,308,/tavares-movers,308,,text/plain,
https://toromovers.com/lake-nona-movers/,/lake-nona-movers/,trailing-slash,trailing-slash,308,/lake-nona-movers,308,,text/plain,
https://toromovers.com/dr-phillips-movers/,/dr-phillips-movers/,trailing-slash,trailing-slash,308,/dr-phillips-movers,308,,text/plain,
https://toromovers.com/winter-springs-movers/,/winter-springs-movers/,trailing-slash,trailing-slash,308,/winter-springs-movers,308,,text/plain,
https://toromovers.com/deltona-movers/,/deltona-movers/,trailing-slash,trailing-slash,308,/deltona-movers,308,,text/plain,
https://toromovers.com/horizon-west-movers/,/horizon-west-movers/,trailing-slash,trailing-slash,308,/horizon-west-movers,308,,text/plain,
https://toromovers.com/central-florida-movers/,/central-florida-movers/,trailing-slash,trailing-slash,308,/central-florida-movers,308,,text/plain,
https://toromovers.com/lp/local-movers/,/lp/local-movers/,trailing-slash,trailing-slash,308,/lp/local-movers,308,,text/plain,
https://toromovers.com/move-day-checklist/,/move-day-checklist/,trailing-slash,trailing-slash,308,/move-day-checklist,308,,text/plain,
https://toromovers.com/thank-you/,/thank-you/,trailing-slash,trailing-slash,308,/thank-you,308,,text/plain,
https://toromovers.com/pay/,/pay/,trailing-slash,trailing-slash,308,/pay,308,,text/plain,
https://toromovers.com/pay/thanks/,/pay/thanks/,trailing-slash,trailing-slash,308,/pay/thanks,308,,text/plain,
https://toromovers.com/tip/,/tip/,trailing-slash,trailing-slash,308,/tip,308,,text/plain,
https://toromovers.com/tip/thanks/,/tip/thanks/,trailing-slash,trailing-slash,308,/tip/thanks,308,,text/plain,
https://toromovers.com/recent-moves/,/recent-moves/,trailing-slash,trailing-slash,301,/orlando-movers-gallery,308,,text/plain,
